setting,method,mean,std,median
D,HierTS,37.35088894085392,6.0740781129470305,36.66344114964968
D,IndepTS,41.08882506322925,5.22462970453592,40.506825150612116
D,PoolTS,52.488361641513926,19.058622677290487,53.95733995299457
D,LinUCB,31.045889001802344,3.7905627783048472,31.20311060133021
